"PairTested","RelDiff","DeltaAIC","p_value"
"Parasite vs Host",0.592854612278026,-1.09372298045764,0.0785947960254407
"Psittacanthus robustus vs Vochysia thyrsoidea",0.333180096901871,-10.2034846596516,0.000477003322790642
"Phoradendron perrotettii vs Tapirira guianensis",0.411697512185159,-2.00949049064735,0.0452448217289111
"Struthanthus rhynchophyllus vs Tipuana tipu",1.17687502830941,-7.96808186745704,0.00159277341096066
"Viscum album vs Populus nigra",0.732898284615114,-23.3212834399557,4.85323984516069e-07
