"PairTested","ParasiteMean","HostMean","REVariance","RelDiff","DeltaAIC","p_value"
"Parasite vs Host","7.15-16.41-37.65","14.74-109.67-816.26",14.2979936702828,0.407370531397883,-4.49823894960218,0.0107981395264638
