"","Dim.1","Dim.2","Dim.3","Dim.4","Dim.5"
"VesselDiameter",0.976171469686096,-0.112233999956232,0.0331530627105798,0.0292512518565215,0.105474197220289
"HydraulicDiameter",0.968344861580455,-0.161280034631729,-0.00627628787272792,0.0448448702536929,0.104978084622878
"PitOpening",0.853254490588551,-0.0455559702204433,0.0176962944825784,-0.446265056312434,0.230813455949407
"Kmax",0.773252972436346,0.088137565901426,0.544137538246148,0.184625116863938,-0.0517022225462876
"VesselDensity",-0.698988134325518,0.524044545309225,0.428177463022599,-0.00576980226669248,0.162504272530729
"PitFraction",0.645781782532174,0.493580096019507,-0.477923097322421,-0.150535250288376,-0.288772456547815
"PitDiameter",0.638928585568439,0.494216481247786,-0.375906742558687,0.388001181304967,0.171903121802443
"VesselFraction",0.589574758978932,0.555306084505303,0.528173970600866,-0.0715613771061833,-0.183984347687188
"Wthickness",0.436654421380843,-0.822515616538715,0.170761223442997,0.122526734437268,-0.143977363753826
