Parasite,ParasiteMean,Host,HostMean,MeanDifference
P. robustus,0.622820689655173,V. thyrsoidea,0.339129032258065,0.283691657397108
P. perrotettii,0.463766666666667,T. guianensis,0.3226,0.141166666666667
S. rhynchophyllus,0.773096296296296,T. tipu,0.352657142857143,0.420439153439154
V. album,0.528162962962963,P. nigra,0.227140740740741,0.301022222222222
