"PairTested","ParasiteMean","HostMean","REVariance","RelDiff","DeltaAIC","p_value"
"Parasite vs Host","3.8-5.66-7.52","5.43-7.35-9.28",69.1294016400106,0.298586572438163,-0.0231739054797799,0.154915043843776
"Psittacanthus robustus vs Vochysia thyrsoidea","8.51-9.37-10.22","5.75-6.67-7.59",19.8096259604256,-0.288153681963714,-9.26479391054522,0.000789909495628661
"Phoradendron perrotettii vs Tapirira guianensis","3.35-4.39-5.44","6.27-7.44-8.6",66.365775168219,0.694760820045558,-8.18660603584658,0.00141464453690046
"Struthanthus rhynchophyllus vs Tipuana tipu","4.3-5.11-5.92","6.7-7.59-8.47",39.9272038192694,0.4853228962818,-8.83600830714681,0.000995450956904164
"Viscum album vs Populus nigra","3.21-3.8-4.38","7.06-7.72-8.36",11.3655140292284,1.03157894736842,-17.2310419123669,1.15814762710818e-05
