"PairTested","RelDiff","DeltaAIC","p_value"
"Parasite vs Host",0.297845171281521,0.0231739054797799,0.154915043843776
"Psittacanthus robustus vs Vochysia thyrsoidea",-0.286631423170033,-9.30526296074777,0.000772877016854788
"Phoradendron perrotettii vs Tapirira guianensis",0.687456740501137,-8.2956125458611,0.00133346881442769
"Struthanthus rhynchophyllus vs Tipuana tipu",0.484658117371636,-8.83600830714681,0.000995450956904164
"Viscum album vs Populus nigra",1.03148308259845,-17.2310419123669,1.15814762710818e-05
