"PairTested","RelDiff","DeltaAIC","p_value"
"Parasite vs Host",1.20418492132982,0.16840238043676,0.175938959136491
"Psittacanthus robustus vs Vochysia thyrsoidea",0.867468902578191,-4.29001630645656,0.0121419934367215
"Phoradendron perrotettii vs Tapirira guianensis",1.06670651414045,0.860990332304311,0.285861686991335
"Struthanthus rhynchophyllus vs Tipuana tipu",1.19084814661445,-2.72515505654847,0.0297245031618579
"Viscum album vs Populus nigra",2.36805739660394,-16.4248947230338,1.76733893431603e-05
