"PairTested","ParasiteMean","HostMean","REVariance","RelDiff","DeltaAIC","p_value"
"Parasite vs Host","42.61-56.44-70.27","54.31-68.6-82.88",76.7410159902064,0.215450035435861,0.0718375603582899,0.164959623503338
"Psittacanthus robustus vs Vochysia thyrsoidea","67.55-72.06-76.57","58.05-62.78-67.52",9.21617004022887,-0.128781570913128,-5.49454892399973,0.00618860305428297
"Phoradendron perrotettii vs Tapirira guianensis","60.1-66.93-73.77","64.06-71.31-78.57",40.4712837898696,0.0654415060510981,0.715625569518238,0.257087265610313
"Struthanthus rhynchophyllus vs Tipuana tipu","49.73-56.34-62.95","61.27-67.85-74.44",18.8255292405539,0.204295349662762,-4.38371985781265,0.011517179672775
"Viscum album vs Populus nigra","24.55-30.51-36.47","66.27-72.39-78.52",58.548041571978,1.37266470009833,-18.2880076488752,6.66168243855864e-06
