"PairTested","ParasiteMean","HostMean","REVariance","RelDiff","DeltaAIC","p_value"
"Parasite vs Host","1.73-2.47-3.21","2.88-3.65-4.43",51.9917535833797,0.477732793522267,-3.05482890702933,0.0245574065960226
"Psittacanthus robustus vs Vochysia thyrsoidea","2.14-2.91-3.68","3.34-4.18-5.02",35.3034460149264,0.436426116838488,-3.47012083467462,0.0193442880498988
"Phoradendron perrotettii vs Tapirira guianensis","2.82-3.26-3.71","3.04-3.54-4.04",16.5745985755872,0.0858895705521473,0.872563637836265,0.288322828760502
"Struthanthus rhynchophyllus vs Tipuana tipu","1.87-2.19-2.51","3.75-4.13-4.52",14.824350995384,0.885844748858447,-15.2510968585957,3.27508424681503e-05
"Viscum album vs Populus nigra","1.14-1.52-1.9","2.29-2.73-3.16",8.61714539910063,0.796052631578947,-8.93440327583676,0.000943948827653019
