"PairTested","RelDiff","DeltaAIC","p_value"
"Parasite vs Host",0.478947884021872,3.05482890702933,0.0245574065960226
"Psittacanthus robustus vs Vochysia thyrsoidea",0.435402231067866,-3.47012083467462,0.0193442880498988
"Phoradendron perrotettii vs Tapirira guianensis",0.0847954096689284,0.872563637836265,0.288322828760502
"Struthanthus rhynchophyllus vs Tipuana tipu",0.886131914134417,-15.152645244598,3.44928724073469e-05
"Viscum album vs Populus nigra",0.793844071843564,-8.93440327583676,0.000943948827653019
