PairTested,ParasiteMean,HostMean,EstimatedDifference,REVariance,PValue,DeltaAIC
Parasite x Host,183.821 ± 65.721,162.928 ± 93.292,-20.893,90.4748731530606,0.000984487993229415,-8.8565148011462
Psittacanthus robustus x Vochysia thyrsoidea,70.778 ± 1.616,70.653 ± 2.302,-0.125,0.368973165381037,0.0124393075503073,-4.24715311674038
Phoradendron perrotettii x Tapirira guianensis,182.547 ± 1.616,294.593 ± 2.302,112.047,0.931446975411248,0.000458888738967597,-10.2757234207169
Struthanthus rhynchophyllus x Tipuana tipu,299.705 ± 1.616,130.506 ± 2.302,-169.199,0.387576138213942,5.55607117960723e-05,-14.2482560810071
