"PairTested","RelDiff","DeltaAIC","p_value"
"Parasite vs Host",-0.00427774599980462,1.99909659857713,0.976021883817812
"Psittacanthus robustus vs Vochysia thyrsoidea",0.00222289679085882,1.9965360084272,0.95306705564273
"Phoradendron perrotettii vs Tapirira guianensis",0.0957523976643622,-0.0326651086124912,0.153950437844449
"Struthanthus rhynchophyllus vs Tipuana tipu",-0.136227221841301,-5.65104140191443,0.00567395576405577
"Viscum album vs Populus nigra",0.0154035744524323,1.40677149741748,0.441173385346179
