"PairTested","RelDiff","DeltaAIC","p_value"
"Parasite vs Host",-0.00427774599980462,1.9990965985512,0.976021883473922
"Psittacanthus robustus vs Vochysia thyrsoidea",0.00222289679086317,1.99653600843271,0.953067055680039
"Phoradendron perrotettii vs Tapirira guianensis",0.0957523976643632,-0.032665108613287,0.153950437844368
"Struthanthus rhynchophyllus vs Tipuana tipu",-0.136227221841301,-5.65104140191443,0.00567395576405577
"Viscum album vs Populus nigra",0.015403574452432,1.40677149743715,0.441173385353752
