HydraulicDiameter,VesselDensity,Kmax
Parasite|Host|Psittacanthus robustus|Vochysia thyrsoidea|Phoradendron perrotettii|Tapirira guianensis|Struthanthus rhynchophyllus|Tipuana tipu,Psittacanthus robustus|Vochysia thyrsoidea|Phoradendron perrotettii|Tapirira guianensis|Struthanthus rhynchophyllus|Tipuana tipu,Parasite|Host|Psittacanthus robustus|Vochysia thyrsoidea|Phoradendron perrotettii|Tapirira guianensis|Struthanthus rhynchophyllus|Tipuana tipu
31.553635632718|50.7437226265269|42.4177613610166|56.1578078631412|29.5885113174224|35.9489155136794|25.0640897483299|58.2434613660616,28.8731493367356|29.0273896435248|82.639314691386|130.515329628096|123.082496972344|50.5782280112862,18743.5085713295|123758.538797711|26865.8820180817|79466.9782999728|15255.3918851711|45139.6167595938|15144.5767470826|134166.529966534
33.4367626392681|54.923151316635|43.6261554191942|58.7709152768156|30.9229502363234|42.8731227129641|25.9839226523075|63.8043427178472,33.4752488226364|32.4886696850189|88.2546224542632|159.165579779352|142.819603391654|61.5429970256352,21953.0931567407|148650.913326663|29121.3944926607|102992.886216765|18876.2500081403|97781.0764899269|16998.1894362081|257319.5088414
39.4353155193189|57.9996515387048|44.8393438418948|62.4795778939168|32.363423548027|51.0555442733026|26.7877642571886|71.3457302943864,36.6947762822845|35.1341785014763|95.6075893366988|213.654987165659|163.053543518483|76.0717012884896,26273.9966026874|283509.106102452|31758.1603378681|128754.450783924|23085.4735044148|139848.223581383|18622.0384727113|426238.437607365
