ssp,Lower,Mean,Upper
Parasite,20.2015749137962,23.4057338474876,26.901950812583
Host,32.9673777649973,38.4462059216445,43.2430213933248
Psittacanthus robustus,29.242744087377,30.3484872897173,31.4721502364671
Vochysia thyrsoidea,38.9995203412782,41.5509174166763,45.7423228660783
Phoradendron perrotettii,20.6579280645207,21.5961091937025,22.7578616444377
Tapirira guianensis,20.6446125890441,30.3327886949611,36.8976610597444
Struthanthus rhynchophyllus,17.4917441067289,18.2658287496019,19.1068337116565
Tipuana tipu,38.0518379702519,43.447993239882,50.6088759673844
