ssp,Lower,Mean,Upper
Parasite,0.86434276334289,1.07570156468029,1.30236667318215
Host,4.45404324450855,7.28389475300647,11.3583883053395
Psittacanthus robustus,1.30539628650684,1.44972505306946,1.71055961777928
Vochysia thyrsoidea,3.87639102807217,4.82688279489924,6.48729497587066
Phoradendron perrotettii,0.747514202373383,0.979765035505207,1.3230252013878
Tapirira guianensis,1.87314691338156,5.11394478797208,7.08430892428399
Struthanthus rhynchophyllus,0.626461391065162,0.798434182127648,0.968771980055284
Tipuana tipu,4.94264217407673,11.9517714784148,21.8543986443906
