ssp,Lower,Mean,Upper
Parasite,5.07655555555556,5.96711111111111,6.95188888888889
Host,9.02305555555556,11.8283888888889,14.8593333333333
Psittacanthus robustus,4.0915,4.66745820333333,5.681
Vochysia thyrsoidea,6.5685,7.60858530666667,8.976
Phoradendron perrotettii,5.18,6.15593643833333,7.532
Tapirira guianensis,12.773,14.1443551533333,14.8415
Struthanthus rhynchophyllus,5.7435,7.07923995333333,8.8865
Tipuana tipu,6.9565,13.745170345,20.722
