HydraulicDiameter,VesselDensity,Kmax
0.001178,0.557084,0.011576
0.018992,0.704732,0.03046
0.135064,0.422836,0.040224
0.016788,0.034484,0.080172
