ssp,Lower,Mean,Upper
Parasite,121.539784644012,183.031856345502,249.173018852496
Host,90.8246119530626,152.997021401834,238.711370788078
Psittacanthus robustus,58.0385597189817,70.4906501218197,83.5195779579508
Vochysia thyrsoidea,53.4565378886423,67.0061723840852,79.3138343720769
Phoradendron perrotettii,168.651662635482,183.415982488789,195.883486115686
Tapirira guianensis,144.90305015655,266.103929396403,455.256242719304
Struthanthus rhynchophyllus,244.694760153033,295.316803163939,376.796120490269
Tipuana tipu,71.4588425914967,125.607121319651,166.744935294269
