HydraulicDiameter,VesselDensity,Kmax
Parasite|Host|Psittacanthus robustus|Vochysia thyrsoidea|Phoradendron perrotettii|Tapirira guianensis|Struthanthus rhynchophyllus|Tipuana tipu,Psittacanthus robustus|Vochysia thyrsoidea|Phoradendron perrotettii|Tapirira guianensis|Struthanthus rhynchophyllus|Tipuana tipu,Parasite|Host|Psittacanthus robustus|Vochysia thyrsoidea|Phoradendron perrotettii|Tapirira guianensis|Struthanthus rhynchophyllus|Tipuana tipu
28.8580732175081|47.0753458784891|41.7753486962528|55.7136004875403|29.5113258064581|29.4923036986344|24.9882058667556|54.3597685289313,28.4388942623011|26.1937035654347|82.639314691386|71.0024945767095|119.900432474986|35.0148328698334,17647.1288747495|90874.1061849695|26640.7405409558|79110.0209810649|15255.3918851711|38227.4880281952|12784.9263482687|100870.248450545
33.4367626392681|54.923151316635|43.3685915828295|59.3705280212105|30.848930798245|43.2650991287448|26.0897176039345|62.1366672257547,34.5260855976611|32.9356673559199|89.8890868407971|130.295749045658|144.913664155785|61.7981349705204,21953.0931567407|148650.913326663|29583.150088788|98333.3238933693|20042.9192638994|104729.016383843|16270.5960091162|243447.98891941
38.4174874682827|61.7757448476068|44.9602146235244|65.346175522969|32.5112309206253|52.7109443710635|27.2954767309379|72.2983942391205,40.9245931993959|38.8637788423177|95.9829081966861|223.075558932459|184.630099040232|81.7050182941918,26578.911697595|231779.702638007|34909.3799546792|132393.775017769|27000.5143140367|144577.733148653|19770.8567358222|446008.135599807
