"PairTested","ParasiteMean","HostMean","REVariance","RelDiff","DeltaAIC","p_value"
"Parasite vs Host","2.89-5.6-8.31","10.71-13.56-16.42",92.3799630221752,1.42142857142857,-9.05074732026173,0.000886514572166135
"Psittacanthus robustus vs Vochysia thyrsoidea","3.88-5.08-6.29","6.97-8.39-9.82",39.0485286129076,0.651574803149606,-7.43022580878136,0.00213438006536763
"Phoradendron perrotettii vs Tapirira guianensis","4.84-6.58-8.31","13.5-15.79-18.06",54.8106355544761,1.39969604863222,-13.5629055908231,7.98050187961688e-05
"Struthanthus rhynchophyllus vs Tipuana tipu","-0.14-6.7-13.53","8.74-16.28-23.8",91.7996800921141,1.42985074626866,-2.4119865420256,0.0356872591963692
"Viscum album vs Populus nigra","-1.16-4.02-9.19","8.22-13.9-19.57",72.5967502289421,2.45771144278607,-4.63057303417253,0.0100243011024943
