"PairTested","RelDiff","DeltaAIC","p_value"
"Parasite vs Host",2.3197215921749,-9.77839939220985,0.000599219854976367
"Psittacanthus robustus vs Vochysia thyrsoidea",1.60728208895148,-6.50476959879626,0.00354216760569566
"Phoradendron perrotettii vs Tapirira guianensis",2.36955695070704,-13.437999095079,8.52566065827939e-05
"Struthanthus rhynchophyllus vs Tipuana tipu",2.30286586758988,-3.68109469804017,0.0171486650667418
"Viscum album vs Populus nigra",3.27377021853892,-8.78121147096874,0.00102535550604304
