"PairTested","RelDiff","DeltaAIC","p_value"
"Parasite vs Host",2.31972159196977,-9.77839939224896,0.000599219854963779
"Psittacanthus robustus vs Vochysia thyrsoidea",1.60728208895149,-6.50476959878148,0.00354216760572442
"Phoradendron perrotettii vs Tapirira guianensis",2.36955695070692,-13.4379990950537,8.5256606583935e-05
"Struthanthus rhynchophyllus vs Tipuana tipu",2.30286586758992,-3.6810946978934,0.0171486650681763
"Viscum album vs Populus nigra",3.27377021867422,-8.78121147097607,0.00102535550603898
