Parasite,Host,ParasiteMean,HostMean,MeanDifference,pvalue
Psittacanthus robustus,Vochysia thyrsoidea,2.91502325581395,3.29471511627907,0.379691860465116,4.75986557206718e-05
Phoradendron perrotettii,Tapirira guianensis,2.77662921348315,2.90275,0.126120786516854,0.112540171034413
Struthanthus rhynchophyllus,Tipuana tipu,3.01659195402299,3.46803488372093,0.451442929697941,3.0502656933812e-05
