"PairTested","ParasiteMean","HostMean","REVariance","RelDiff","DeltaAIC","p_value"
"Parasite vs Host","2.92-4.17-5.42","2.56-3.86-5.16",65.8796077307788,-0.0743405275779376,1.83003577662657,0.680143605451786
"Psittacanthus robustus vs Vochysia thyrsoidea","3.76-4.27-4.77","4.27-4.87-5.46",12.7111125596832,0.140515222482436,-1.16848209768096,0.0750721867143042
"Phoradendron perrotettii vs Tapirira guianensis","3.53-3.99-4.45","3.66-4.18-4.71",19.5582658705132,0.0476190476190476,1.46410116341974,0.464137369042866
"Struthanthus rhynchophyllus vs Tipuana tipu","3.81-4.41-5","4.32-5.06-5.79",19.7257322686651,0.147392290249433,-0.840074795994269,0.0919399341165304
"Viscum album vs Populus nigra","3.36-4.02-4.69","0.68-1.36-2.04",69.0443219346922,-0.661691542288557,-12.1434245038511,0.000169388110229268
