"","PairTested","ParasiteMean","HostMean","EstimatedDifference","REVariance","RelDiff","DeltaAIC"
"1","Parasite vs Host",2.0260646417276,2.28762279455937,0.261558152831767,0.0912927110742198,0.129096647483438,-2.29801002415968
"2","Psittacanthus robustus vs Vochysia thyrsoidea",2.09302638901202,2.38271833333333,0.289691944321309,0.163246721440568,0.138408166204752,1.27922673687078
"3","Phoradendron perrotettii vs Tapirira guianensis",1.9526655555556,2.0117289519177,0.0590633963620972,0.23316761522622,0.0302475742423242,3.69384799608275
"4","Struthanthus rhynchophyllus vs Tipuana tipu",2.1018456531418,2.46797833333333,0.366132680191533,0.0701148681040307,0.174195797700105,-0.993570251358108
