"","PairTested","ParasiteMean","HostMean","EstimatedDifference","REVariance","RelDiff","DeltaAIC"
"1","Parasite vs Host",2.87601111111109,3.26227222222215,0.386261111111062,0.121665520982415,0.134304457176397,-2.2724642608423
"2","Psittacanthus robustus vs Vochysia thyrsoidea",2.98436111111111,3.40388333333334,0.41952222222223,0.161427397822111,0.140573545426625,0.500419899907342
"3","Phoradendron perrotettii vs Tapirira guianensis",2.78952222222219,2.8385611111111,0.0490388888889077,0.233040807516731,0.0175796731419628,2.90462555397613
"4","Struthanthus rhynchophyllus vs Tipuana tipu",2.91737777777777,3.54437222222222,0.626994444444449,0.00185937165787698,0.214917124967629,-4.82391394707184
