PairTested,ParasiteMean,HostMean,EstimatedDifference,REVariance,PValue,DeltaAIC
Psittacanthus robustus vs Vochysia thyrsoidea,2.91624642948966,3.29992340339598,0.383676973906315,0.154934334864344,0.0504096901763392,0.278676760230894
Phoradendron perrotettii vs Tapirira guianensis,2.76555438508011,2.87149999999998,0.105945614919873,0.242302145594526,0.546951103204978,3.07444142221115
Struthanthus rhynchophyllus vs Tipuana tipu,3.02651449768716,3.50213250628891,0.475618008601756,0.128374927682208,0.0314277392178491,-0.550629338487681
