PairTested,ParasiteMean,HostMean,EstimatedDifference,REVariance,PValue,DeltaAIC
Psittacanthus robustus vs Vochysia thyrsoidea,2.91620484110541,3.30389118106448,0.387686339959072,0.131682454348667,0.0463756377154587,0.187781060235068
Phoradendron perrotettii vs Tapirira guianensis,2.77653519501019,2.89961888651703,0.123083691506844,0.276830286754536,0.54780193680838,2.77150519468125
Struthanthus rhynchophyllus vs Tipuana tipu,3.02616149905483,3.46768151271533,0.4415200136605,0.11024810202667,0.0388720169663691,-0.211490909456927
