lower,upper
2.787575,3.18830560897436
2.75225,3.22491666666667
2.77775,2.9385
3.01475,3.671
2.62775,2.862
2.42625,3.1355
2.49875,3.35525
3.24125,3.5605
2.395,3.045
