Group,Lower,Upper,Estimate
Parasite,2.694625,2.97950052083333,2.83583333333333
Host,2.94136111111111,3.40377777777778,3.18425
Psittacanthus robustus,2.77775,2.9385,2.87375
Vochysia thyrsoidea,3.01475,3.671,3.26391666666667
Phoradendron perrotettii,2.62775,2.862,2.76875
Tapirira guianensis,2.42625,3.1355,2.85216666666667
Struthanthus rhynchophyllus,2.49875,3.35525,2.98216666666667
Tipuana tipu,3.24125,3.5605,3.43666666666667
Viscum album,2.395,3.045,2.71866666666667
