"","Group","Estimate","Lower","Upper"
"1","Parasite",2.0260646417276,1.86703328414232,2.1851236345728
"2","Host",2.28762279455937,1.8857037124313,2.68951014182747
"3","Psittacanthus robustus",2.09302638901202,1.8428565748217,2.34327763902544
"4","Vochysia thyrsoidea",2.38271833333333,1.77877365090064,2.98666314834371
"5","Phoradendron perrotettii",1.9526655555556,1.72784451548726,2.17748668297385
"6","Tapirira guianensis",2.0117289519177,1.4688191398463,2.55449401384731
"7","Struthanthus rhynchophyllus",2.1018456531418,1.92460249255362,2.27976047955631
"8","Tipuana tipu",2.46797833333333,2.04016001831506,2.89578772660551
