"","Group","Estimate","Lower","Upper"
"1","Parasite",2.87601111111109,2.64025217681936,3.11177000141627
"2","Host",3.26227222222215,2.66638556721248,3.85815876605485
"3","Psittacanthus robustus",2.98436111111111,2.62965557034706,3.3390667886016
"4","Vochysia thyrsoidea",3.40388333333334,2.54754840617189,4.26021859058161
"5","Phoradendron perrotettii",2.78952222222219,2.43706326738277,3.14198131292315
"6","Tapirira guianensis",2.8385611111111,1.98764992215785,3.68947262806298
"7","Struthanthus rhynchophyllus",2.91737777777777,2.72128556178267,3.11346993855762
"8","Tipuana tipu",3.54437222222222,3.07096373489104,4.01778057625071
