"Label","PitOpening","PitDiameter","Wthickness","VesselDiameter","TopVesselDiameter","PitFraction","HydraulicDiameter","VesselDensity","VesselFraction","Kmax","pcd","Tpm"
"Median diff",-0.199485,-2.90466666666667,-0.206634999999999,-23.111707127362,-47.8365294344428,-5.84950000000001,-28.8513733954654,-19.5492009131544,-8.96833333333333,-122.83635645546,-487,144.4
"p-value",0.519473333333333,0.0240466666666667,0.431686666666667,0.16466,0.03336,0.149006666666667,0.114973333333333,0.213686666666667,0.01494,0.0374066666666667,0.00018,4.66666666666667e-05
"Effect size",-5.81856100104274,-39.9431609827649,-4.96009611258902,-25.3211862921613,-34.7263401309411,-8.09720241967858,-28.5733848583006,-31.5817547120116,-57.6927200600407,-80.6909333276236,-48.0039428289798,44.9984418822063
