"Label","PitOpening","PitDiameter","Wthickness","VesselDiameter","TopVesselDiameter","PitFraction","HydraulicDiameter","VesselDensity","VesselFraction","Kmax","pcd","Tpm"
"Median diff",-1.202005,-4.06233333333333,2.54069333333333,-14.9967812160395,-34.0623512000413,-43.7415,-20.7567347157306,-15.390713497198,-9.5615,-26.2567714108718,-356,320.6
"p-value",0.0208733333333333,0.01552,0.0148066666666667,0.0216933333333333,0.0152733333333333,0.01692,0.01602,0.47524,0.0462533333333333,0.0435533333333333,0.00038,4e-05
"Effect size",-45.3444199937127,-52.2991095376033,188.618658747835,-34.4790997421388,-46.6990524075781,-59.8403491251351,-40.6415988319122,-8.77128359219535,-70.3491152558584,-88.1847011948227,-56.1514195583596,148.701298701299
