"Label","PitOpening","PitDiameter","Wthickness","VesselDiameter","TopVesselDiameter","PitFraction","HydraulicDiameter","VesselDensity","VesselFraction","Kmax","pcd","Tpm"
"Median diff",-1.945515,-2.37866666666667,-0.578554166666667,-23.5407694766139,-107.651634202304,-11.6848333333333,-71.7266873293345,31.7656757163965,-9.39333333333333,-283.16600721475,-275,430.1
"p-value",0.0167333333333333,0.0219133333333333,0.176466666666667,0.13442,0.0198866666666667,0.0432266666666667,0.0225466666666667,0.0596666666666667,0.101913333333333,0.09674,0.00226666666666667,4e-05
"Effect size",-47.7927400468384,-31.8244659501405,-11.7725509214355,-29.5518607228153,-58.3780501365536,-17.0721076110884,-54.7977431961294,88.5194753803821,-57.5865944620415,-93.3274225917705,-35.3016688061617,124.414231993058
